<?xml version="1.0" encoding="UTF-8"?>
<project-private xmlns="http://www.netbeans.org/ns/project-private/1">
    <editor-bookmarks xmlns="http://www.netbeans.org/ns/editor-bookmarks/2" lastBookmarkId="0"/>
    <open-files xmlns="http://www.netbeans.org/ns/projectui-open-files/2">
        <group>
            <file>file:/Users/Mike/Documents/School/Voorbereidingsprogramma%20Computer%20Wetenschappen/Distributed%20Systems/Lab%205/JEE-Assign/CarRental-lib/src/rental/Reservation.java</file>
            <file>file:/Users/Mike/Documents/School/Voorbereidingsprogramma%20Computer%20Wetenschappen/Distributed%20Systems/Lab%205/JEE-Assign/CarRental-lib/src/rental/CarType.java</file>
        </group>
    </open-files>
</project-private>
